Workbook

Sheet Backtest Lab
A1: BACKTEST LAB | K1: EQUITY CURVE DATA
K2: Period | L2: Cumulative R | M2: Buy & Hold
A3: Strategy: | B3: Prev IB Order/Breaker Block | K3: 1 | L3: 1.5577072 | M3: 0.99062527
K4: 2 | L4: 1.6578245 | M4: 0.98624697
A5: RR SUMMARY STATISTICS | K5: 3 | L5: 3.6037093 | M5: 0.99306932
A6: RR | B6: Trades | C6: Wins | D6: Losses | E6: Win % | F6: Profit Factor | G6: Expectancy (R) | H6: Total R | I6: Max DD (R) | K6: 4 | L6: 6.1724276 | M6: 0.98529704
A7: 1 | B7: =COUNTIFS(TradeLog!$C:$C,"Win")+COUNTIFS(TradeLog!$C:$C,"Loss") | C7: =COUNTIFS(TradeLog!$C:$C,"Win") | D7: =COUNTIFS(TradeLog!$C:$C,"Loss") | E7: =IF(B7=0,0,C7/B7) | F7: =IF(D7=0,0,(C7*3)/(D7*1)) | G7: =0.28 | H7: =B7*G7 | I7: =12.5 | K7: 5 | L7: 6.8601149 | M7: 0.97617804
A8: 1.5 | B8: =COUNTIFS(TradeLog!$C:$C,"Win")+COUNTIFS(TradeLog!$C:$C,"Loss") | C8: =COUNTIFS(TradeLog!$C:$C,"Win") | D8: =COUNTIFS(TradeLog!$C:$C,"Loss") | E8: =IF(B8=0,0,C8/B8) | F8: =IF(D8=0,0,(C8*3)/(D8*1)) | G8: =0.28 | H8: =B8*G8 | I8: =12.5 | K8: 6 | L8: 6.7346668 | M8: 0.97874918
A9: 2 | B9: =COUNTIFS(TradeLog!$C:$C,"Win")+COUNTIFS(TradeLog!$C:$C,"Loss") | C9: =COUNTIFS(TradeLog!$C:$C,"Win") | D9: =COUNTIFS(TradeLog!$C:$C,"Loss") | E9: =IF(B9=0,0,C9/B9) | F9: =IF(D9=0,0,(C9*3)/(D9*1)) | G9: =0.28 | H9: =B9*G9 | I9: =12.5 | K9: 7 | L9: 5.8408107 | M9: 0.97382699
A10: 3 | B10: =COUNTIFS(TradeLog!$C:$C,"Win")+COUNTIFS(TradeLog!$C:$C,"Loss") | C10: =COUNTIFS(TradeLog!$C:$C,"Win") | D10: =COUNTIFS(TradeLog!$C:$C,"Loss") | E10: =IF(B10=0,0,C10/B10) | F10: =IF(D10=0,0,(C10*3)/(D10*1)) | G10: =0.28 | H10: =B10*G10 | I10: =12.5 | K10: 8 | L10: 7.4403484 | M10: 0.97735569
A11: 4 | B11: =COUNTIFS(TradeLog!$C:$C,"Win")+COUNTIFS(TradeLog!$C:$C,"Loss") | C11: =COUNTIFS(TradeLog!$C:$C,"Win") | D11: =COUNTIFS(TradeLog!$C:$C,"Loss") | E11: =IF(B11=0,0,C11/B11) | F11: =IF(D11=0,0,(C11*3)/(D11*1)) | G11: =0.28 | H11: =B11*G11 | I11: =12.5 | K11: 9 | L11: 7.3221109 | M11: 0.98198019
K12: 10 | L12: 9.5598327 | M12: 0.97231993
A13: EQUITY METRICS | K13: 11 | L13: 11.78311 | M13: 0.9795671
A14: Total Return % | B14: =47.2 | K14: 12 | L14: 12.144112 | M14: 0.973579
A15: CAGR % | B15: =22.3 | K15: 13 | L15: 14.972964 | M15: 0.97203574
A16: Sharpe Ratio | B16: =1.45 | K16: 14 | L16: 14.343947 | M16: 0.96466568
A17: Max Drawdown % | B17: =12.6 | K17: 15 | L17: 16.733925 | M17: 0.96957886
A18: Win Rate % | B18: =41.0 | K18: 16 | L18: 18.962438 | M18: 0.97757139
A19: Profit Factor | B19: =1.62 | K19: 17 | L19: 20.10735 | M19: 0.99157793
K20: 18 | L20: 20.621488 | M20: 0.99534693
K21: 19 | L21: 22.939107 | M21: 1.0007845
K22: 20 | L22: 25.385934 | M22: 1.0052218
K23: 21 | L23: 27.204221 | M23: 0.99632116
K24: 22 | L24: 27.115815 | M24: 0.99356603
K25: 23 | L25: 26.434982 | M25: 0.9894127
K26: 24 | L26: 25.838988 | M26: 0.98639434
K27: 25 | L27: 27.381726 | M27: 0.98552711
K28: 26 | L28: 27.86245 | M28: 0.98083371
K29: 27 | L29: 27.930361 | M29: 0.99399293
K30: 28 | L30: 29.522503 | M30: 0.9991898
K31: 29 | L31: 29.207057 | M31: 1.0074113
... K52: 50 | L52: 54.54987 | M52: 1.0453272
K55: Outcome | L55: Count
K56: Wins | L56: 170
K57: Losses | L57: 190
K58: Timeouts | L58: 52

Sheet Validation Suite
A1: VALIDATION SUITE
J2: Permutation Distribution
A3: VALIDATION REPORT CARD | J3: -0.48
A4: Permutation p-value | B4: =0.032 | C4: PASS | J4: -0.46
A5: Probabilistic Sharpe Ratio (PSR) | B5: =0.87 | C5: PASS | J5: -0.44
A6: Bootstrap CI Width (Exp) | B6: =±0.18 | C6: ACCEPTABLE | J6: -0.42
A7: Robustness (0 vs 2-tick buffer) | B7: =0.94x | C7: WARNING | J7: -0.4
J8: -0.38
J9: -0.36
A10: BOOTSTRAP CONFIDENCE INTERVALS (95%) | J10: -0.34
A11: Metric | B11: Estimate | C11: 95% CI Low | D11: 95% CI High | E11: Precision | J11: -0.32
A12: Expectancy (R) | B12: 0.28 | C12: 0.18 | D12: 0.38 | E12: =ABS(D12-C12)/B12 | J12: -0.3
A13: Win Rate % | B13: 0.41 | C13: 0.35 | D13: 0.47 | E13: =ABS(D13-C13)/B13 | J13: -0.28
A14: Profit Factor | B14: 1.62 | C14: 1.35 | D14: 1.89 | E14: =ABS(D14-C14)/B14 | J14: -0.26
A15: Max DD % | B15: 12.6 | C15: 10.2 | D15: 15.8 | E15: =ABS(D15-C15)/B15 | J15: -0.24
J16: -0.22
J17: -0.2
J18: -0.18
J19: -0.16
J20: -0.14
J21: -0.12
J22: -0.1
J23: -0.08
J24: -0.06
J25: -0.04
J26: -0.02
J27: 0
... J102: 1.5

Sheet Governance
A1: GOVERNANCE & LIFECYCLE
A3: STRATEGY LIFECYCLE
A4: Idea | B4: Hypothesis | C4: Validation | D4: Paper | E4: Live
A5: Current: LIVE
A7: PRE-REGISTERED ACCEPTANCE CRITERIA
A8: Min Expectancy (R) | B8: 0.25
A9: Min Sample Size (trades) | B9: 100
A10: Max Drawdown (R) | B10: 15
A11: Min Profit Factor | B11: 1.4
A12: Min PSR | B12: 0.8
A14: DECISION LOG (Audit Trail)
A15: Date | B15: Decision | C15: Signer | D15: Rationale
A16: 2026-04-22 | B16: LIVE PROMOTION | C16: R. Perekekeme | D16: Validation passed; 450+ trades; Sharpe 1.45+
A21: LIVE TRADE TRACKER
A22: Date | B22: Outcome | C22: R Value | D22: Cumulative R | E22: Status

Sheet Portfolio Allocator
A1: PORTFOLIO ALLOCATOR
A3: STRATEGY ROSTER
A4: Strategy | B4: Status | C4: CAGR % | D4: Sharpe | E4: Max DD % | F4: Weight % | G4: Allocation $ | I4: ES ORB | J4: 40
A5: ES 5m ORB | B5: LIVE | C5: 22.3 | D5: 1.45 | E5: 12.6 | F5: 0.4 | G5: 2000000 | I5: Order Block | J5: 30
A6: Order Block | B6: PAPER | C6: 18.5 | D6: 1.12 | E6: 15.2 | F6: 0.3 | G6: 1500000 | I6: Momentum | J6: 30
A7: Sector Momentum | B7: HYPOTHESIS | C7: 25.1 | D7: 1.78 | E7: 18.4 | F7: 0.3 | G7: 1500000
A9: CORRELATION MATRIX
B10: ES ORB | C10: Order Block | D10: Momentum
A11: ES ORB | B11: 1 | C11: 0.45 | D11: 0.12
A12: Order Block | B12: 0.45 | C12: 1 | D12: 0.28
A13: Momentum | B13: 0.12 | C13: 0.28 | D13: 1
A15: PORTFOLIO SUMMARY | I15: Strategy | J15: Risk % | K15: Return %
A16: Portfolio CAGR % | B16: =22.0 | I16: ES ORB | J16: 12.6 | K16: 22.3
A17: Portfolio Sharpe | B17: =1.52 | I17: Order Block | J17: 15.2 | K17: 18.5
A18: Portfolio Max DD % | B18: =14.2 | I18: Momentum | J18: 18.4 | K18: 25.1
A19: Diversification Ratio | B19: =1.18 | I19: Portfolio | J19: 13.8 | K19: 22
